[
  {
    "title": "أخطاء شائعة عند شراء الذهب لأول مرة",
    "slug": "2025/08/gold-common-mistakes.html",
    "date": "2025-08-17",
    "tags": [
      "ذهب",
      "استثمار"
    ],
    "excerpt": "أبرز الهفوات عند أول تجربة شراء؛ من تجاهل المصنعية إلى اختلاف العيار.",
    "image": "/images/articles/gold-common-mistakes.svg"
  },
  {
    "title": "كيف تقارن مصنعية الذهب في السعودية",
    "slug": "2025/08/gold-making-charge-ksa.html",
    "date": "2025-08-16",
    "tags": [
      "ذهب"
    ],
    "excerpt": "طريقة عملية لمقارنة المصنعية بين المحلات مع أمثلة.",
    "image": "/images/articles/gold-making-charge-ksa.svg"
  },
  {
    "title": "متى تشتري الذهب؟ مؤشرات بسيطة",
    "slug": "2025/08/when-to-buy-gold-indicators.html",
    "date": "2025-08-15",
    "tags": [
      "ذهب",
      "استثمار"
    ],
    "excerpt": "إشارات تساعدك على توقيت الشراء بدون تعقيد.",
    "image": "/images/articles/when-to-buy-gold-indicators.svg"
  },
  {
    "title": "الذهب مقابل الاستثمار الشهري: أيهما أنسب لك؟",
    "slug": "2025/08/gold-vs-dca.html",
    "date": "2025-08-14",
    "tags": [
      "ذهب",
      "استثمار"
    ],
    "excerpt": "مقارنة مختصرة بين شراء الذهب والادخار الشهري المنظم.",
    "image": "/images/articles/gold-vs-dca.svg"
  },
  {
    "title": "كيفية قراءة مخطط أسعار الذهب",
    "slug": "2025/08/read-gold-chart.html",
    "date": "2025-08-13",
    "tags": [
      "ذهب"
    ],
    "excerpt": "مبادئ سريعة لفهم المخططات والشموع والدعم والمقاومة.",
    "image": "/images/articles/read-gold-chart.svg"
  },
  {
    "title": "أسعار الوقود: كيف تخطط لميزانية البنزين",
    "slug": "2025/08/fuel-budgeting-ksa.html",
    "date": "2025-08-12",
    "tags": [
      "وقود",
      "ميزانية"
    ],
    "excerpt": "أساليب سهلة لتوقع المصروف الشهري على الوقود.",
    "image": "/images/articles/fuel-budgeting-ksa.svg"
  },
  {
    "title": "تأثير ضغط الإطارات على استهلاك الوقود",
    "slug": "2025/08/tire-pressure-fuel.html",
    "date": "2025-08-11",
    "tags": [
      "وقود",
      "سيارات"
    ],
    "excerpt": "لماذا يؤثر ضغط الهواء على الصرف وكيف تراقبه.",
    "image": "/images/articles/tire-pressure-fuel.svg"
  },
  {
    "title": "أفضل 10 طرق لتخفيض استهلاك البنزين",
    "slug": "2025/08/reduce-fuel-usage.html",
    "date": "2025-08-10",
    "tags": [
      "وقود",
      "سيارات"
    ],
    "excerpt": "قائمة نصائح عملية تقلل المصروف بلا تعب.",
    "image": "/images/articles/reduce-fuel-usage.svg"
  },
  {
    "title": "حاسبة الزكاة: ما الذي يدخل في الوعاء؟",
    "slug": "2025/08/zakat-base.html",
    "date": "2025-08-09",
    "tags": [
      "زكاة"
    ],
    "excerpt": "تبسيط مفهوم وعاء الزكاة مع أمثلة صغيرة.",
    "image": "/images/articles/zakat-base.svg"
  },
  {
    "title": "زكاة الذهب: أمثلة عملية",
    "slug": "2025/08/zakat-gold-examples.html",
    "date": "2025-08-08",
    "tags": [
      "زكاة",
      "ذهب"
    ],
    "excerpt": "سيناريوهات جاهزة لحساب زكاة الذهب.",
    "image": "/images/articles/zakat-gold-examples.svg"
  },
  {
    "title": "زكاة الأسهم: مبادئ مبسطة",
    "slug": "2025/08/zakat-stocks.html",
    "date": "2025-08-07",
    "tags": [
      "زكاة",
      "أسهم"
    ],
    "excerpt": "كيف تنظر للأسهم لغرض الزكاة بصورة مبسطة.",
    "image": "/images/articles/zakat-stocks.svg"
  },
  {
    "title": "حاسبة العمر: أفكار لاستخداماتها",
    "slug": "2025/08/age-calculator-uses.html",
    "date": "2025-08-06",
    "tags": [
      "أدوات"
    ],
    "excerpt": "اقتراحات مفيدة لاستخدام حاسبة العمر في التخطيط.",
    "image": "/images/articles/age-calculator-uses.svg"
  },
  {
    "title": "التحويل بين الهجري والميلادي: أسرار وتواريخ",
    "slug": "2025/08/hijri-gregorian-tips.html",
    "date": "2025-08-05",
    "tags": [
      "تقويم"
    ],
    "excerpt": "إشارات سريعة لأخطاء شائعة في التحويل.",
    "image": "/images/articles/hijri-gregorian-tips.svg"
  },
  {
    "title": "رواتب القطاع الحكومي: ما يجب معرفته",
    "slug": "2025/08/gov-salaries-ksa.html",
    "date": "2025-08-04",
    "tags": [
      "رواتب"
    ],
    "excerpt": "نصائح لإدارة الالتزامات حول موعد الرواتب.",
    "image": "/images/articles/gov-salaries-ksa.svg"
  },
  {
    "title": "معاشات المتقاعدين: التخطيط للشهر الأول",
    "slug": "2025/08/retiree-payday.html",
    "date": "2025-08-03",
    "tags": [
      "رواتب",
      "تقاعد"
    ],
    "excerpt": "كيف توزّع المصروف عند بداية كل شهر.",
    "image": "/images/articles/retiree-payday.svg"
  },
  {
    "title": "التقاعد المبكر: أسئلة قبل القرار",
    "slug": "2025/08/early-retirement-questions.html",
    "date": "2025-08-02",
    "tags": [
      "تقاعد",
      "تخطيط"
    ],
    "excerpt": "أسئلة تساعدك على تقييم الجاهزية قبل الإقدام.",
    "image": "/images/articles/early-retirement-questions.svg"
  },
  {
    "title": "ضريبة القيمة المضافة: ما الذي يُخصم وما لا",
    "slug": "2025/08/vat-basics-ksa.html",
    "date": "2025-08-01",
    "tags": [
      "VAT",
      "ضرائب"
    ],
    "excerpt": "لمحة سريعة حول الأساسيات مع أمثلة يومية.",
    "image": "/images/articles/vat-basics-ksa.svg"
  },
  {
    "title": "إدارة ميزانية الأسرة في السعودية",
    "slug": "2025/07/family-budget-ksa.html",
    "date": "2025-07-31",
    "tags": [
      "ميزانية"
    ],
    "excerpt": "قالب بسيط لتوزيع المصروفات المنزلية.",
    "image": "/images/articles/family-budget-ksa.svg"
  },
  {
    "title": "الادخار بطريقة 50/30/20 بالعربي",
    "slug": "2025/07/budget-50-30-20-ar.html",
    "date": "2025-07-30",
    "tags": [
      "ميزانية",
      "ادخار"
    ],
    "excerpt": "شرح عملي للنسبة المشهورة مع مثال سعودي.",
    "image": "/images/articles/budget-50-30-20-ar.svg"
  },
  {
    "title": "قائمة طوارئ مالية من 6 بنود",
    "slug": "2025/07/financial-emergency-list.html",
    "date": "2025-07-29",
    "tags": [
      "ادخار",
      "طوارئ"
    ],
    "excerpt": "ما الذي تجهزه قبل الظروف غير المتوقعة؟",
    "image": "/images/articles/financial-emergency-list.svg"
  },
  {
    "title": "خطط ادخار للطلاب",
    "slug": "2025/07/saving-students-ksa.html",
    "date": "2025-07-28",
    "tags": [
      "ادخار",
      "طلاب"
    ],
    "excerpt": "أفكار صغيرة الأثر كبيرة النتائج.",
    "image": "/images/articles/saving-students-ksa.svg"
  },
  {
    "title": "كيف تختار بطاقة ائتمانية مناسبة",
    "slug": "2025/07/choose-credit-card-ksa.html",
    "date": "2025-07-27",
    "tags": [
      "بطاقات",
      "تمويل"
    ],
    "excerpt": "المعايير الأهم: الرسوم والمكافآت والقبول.",
    "image": "/images/articles/choose-credit-card-ksa.svg"
  },
  {
    "title": "التعامل مع فواتير الكهرباء والماء",
    "slug": "2025/07/utilities-bills-ksa.html",
    "date": "2025-07-26",
    "tags": [
      "فواتير"
    ],
    "excerpt": "خطوات للتخطيط للمصاريف الدورية وتقليلها.",
    "image": "/images/articles/utilities-bills-ksa.svg"
  },
  {
    "title": "التأمين الطبي: مصطلحات سريعة",
    "slug": "2025/07/health-insurance-glossary.html",
    "date": "2025-07-25",
    "tags": [
      "تأمين"
    ],
    "excerpt": "معاني المصطلحات المنتشرة بطريقة سهلة.",
    "image": "/images/articles/health-insurance-glossary.svg"
  },
  {
    "title": "التضخم: كيف يؤثر على حياتك اليومية",
    "slug": "2025/07/inflation-impact-ksa.html",
    "date": "2025-07-24",
    "tags": [
      "اقتصاد"
    ],
    "excerpt": "أمثلة تأثيرات واقعية وكيف تتعامل معها.",
    "image": "/images/articles/inflation-impact-ksa.svg"
  },
  {
    "title": "نصائح للشراء في يوم الراتب",
    "slug": "2025/07/payday-shopping-tips.html",
    "date": "2025-07-23",
    "tags": [
      "رواتب",
      "تسوق"
    ],
    "excerpt": "كيف تتجنب الانجراف الشرائي في اليوم الأول.",
    "image": "/images/articles/payday-shopping-tips.svg"
  },
  {
    "title": "جدول الرواتب: استراتيجيات تنظيم الالتزامات",
    "slug": "2025/07/salary-schedule-strategy.html",
    "date": "2025-07-22",
    "tags": [
      "رواتب",
      "ميزانية"
    ],
    "excerpt": "ترتيب أولويات الخصومات والاشتراكات.",
    "image": "/images/articles/salary-schedule-strategy.svg"
  },
  {
    "title": "أفضل ممارسات للأمان المالي الرقمي",
    "slug": "2025/07/digital-finance-safety.html",
    "date": "2025-07-21",
    "tags": [
      "أمان",
      "رقمي"
    ],
    "excerpt": "حماية الحسابات وكلمات المرور والدفع.",
    "image": "/images/articles/digital-finance-safety.svg"
  },
  {
    "title": "التسوق الذكي على الإنترنت",
    "slug": "2025/07/smart-online-shopping.html",
    "date": "2025-07-20",
    "tags": [
      "تسوق",
      "رقمي"
    ],
    "excerpt": "قواعد بسيطة للحصول على أفضل سعر بأمان.",
    "image": "/images/articles/smart-online-shopping.svg"
  },
  {
    "title": "الادخار للسفر الداخلي (العلا، أبها، جدة)",
    "slug": "2025/07/save-for-domestic-travel.html",
    "date": "2025-07-19",
    "tags": [
      "سفر",
      "ادخار"
    ],
    "excerpt": "خطة مختصرة لرحلة داخلية بميزانية محدودة.",
    "image": "/images/articles/save-for-domestic-travel.svg"
  },
  {
    "title": "أساسيات الطقس في السعودية وكيف تقرأه",
    "slug": "2025/07/weather-basics-ksa.html",
    "date": "2025-07-18",
    "tags": [
      "طقس"
    ],
    "excerpt": "معاني الأيقونات والرياح وما يهم السائق.",
    "image": "/images/articles/weather-basics-ksa.svg"
  },
  {
    "title": "كيف تستفيد من موجات التخفيضات",
    "slug": "2025/07/use-discount-waves.html",
    "date": "2025-07-17",
    "tags": [
      "تسوق"
    ],
    "excerpt": "توقيت الشراء والمتاجر التي تقود العروض.",
    "image": "/images/articles/use-discount-waves.svg"
  },
  {
    "title": "متى تغيّر إطارات سيارتك؟",
    "slug": "2025/07/when-change-tires.html",
    "date": "2025-07-16",
    "tags": [
      "سيارات"
    ],
    "excerpt": "علامات الاهتراء والعمر الافتراضي.",
    "image": "/images/articles/when-change-tires.svg"
  },
  {
    "title": "تجديد رخصة السير وتكاليفها",
    "slug": "2025/07/vehicle-license-renewal.html",
    "date": "2025-07-15",
    "tags": [
      "سيارات",
      "حكومي"
    ],
    "excerpt": "نقاط سريعة للتكاليف والمتطلبات.",
    "image": "/images/articles/vehicle-license-renewal.svg"
  },
  {
    "title": "شراء ذهب مستعمل: المخاطر والفوائد",
    "slug": "2025/07/used-gold-pros-cons.html",
    "date": "2025-07-14",
    "tags": [
      "ذهب"
    ],
    "excerpt": "متى يكون خيارًا جيدًا وكيف تتأكد من العيار.",
    "image": "/images/articles/used-gold-pros-cons.svg"
  },
  {
    "title": "الفروق بين عيار 18 و21 و24",
    "slug": "2025/07/karat-differences.html",
    "date": "2025-07-13",
    "tags": [
      "ذهب"
    ],
    "excerpt": "أوجه الاختلاف في اللون والقيمة والاستخدام.",
    "image": "/images/articles/karat-differences.svg"
  },
  {
    "title": "استراتيجية الشراء بالتقسيط: متى تكون مناسبة",
    "slug": "2025/07/installment-strategy.html",
    "date": "2025-07-12",
    "tags": [
      "تمويل",
      "تسوق"
    ],
    "excerpt": "نصائح لتفادي الفوائد المرتفعة.",
    "image": "/images/articles/installment-strategy.svg"
  },
  {
    "title": "أدوات بسيطة لتتبّع المصاريف",
    "slug": "2025/07/expense-tracking-tools.html",
    "date": "2025-07-11",
    "tags": [
      "ميزانية",
      "أدوات"
    ],
    "excerpt": "قوالب وتطبيقات خفيفة وسهلة.",
    "image": "/images/articles/expense-tracking-tools.svg"
  },
  {
    "title": "ترتيب أولويات الديون",
    "slug": "2025/07/debt-priorities.html",
    "date": "2025-07-10",
    "tags": [
      "ديون",
      "تمويل"
    ],
    "excerpt": "كيف تبدأ بالسداد بطريقة فعّالة.",
    "image": "/images/articles/debt-priorities.svg"
  },
  {
    "title": "نصائح للادخار في المناسبات",
    "slug": "2025/07/saving-for-occasions.html",
    "date": "2025-07-09",
    "tags": [
      "ادخار"
    ],
    "excerpt": "خطوات بسيطة قبل الأعياد والمواسم.",
    "image": "/images/articles/saving-for-occasions.svg"
  },
  {
    "title": "التقاعد: حاسبة مبسطة لاحتياجاتك",
    "slug": "2025/07/retirement-needs-simple.html",
    "date": "2025-07-08",
    "tags": [
      "تقاعد",
      "أدوات"
    ],
    "excerpt": "طريقة تقديرية سريعة دون تعقيد.",
    "image": "/images/articles/retirement-needs-simple.svg"
  },
  {
    "title": "أسئلة شائعة حول الزكاة",
    "slug": "2025/07/zakat-faq.html",
    "date": "2025-07-07",
    "tags": [
      "زكاة"
    ],
    "excerpt": "إجابات مختصرة على الأسئلة المتكررة.",
    "image": "/images/articles/zakat-faq.svg"
  },
  {
    "title": "رسوم التحويلات البنكية محليًا",
    "slug": "2025/07/bank-transfer-fees-ksa.html",
    "date": "2025-07-06",
    "tags": [
      "بنوك"
    ],
    "excerpt": "كيف تتجنب الرسوم وتختار الأفضل.",
    "image": "/images/articles/bank-transfer-fees-ksa.svg"
  },
  {
    "title": "كيفية بناء صندوق طوارئ",
    "slug": "2025/07/build-emergency-fund.html",
    "date": "2025-07-05",
    "tags": [
      "ادخار",
      "طوارئ"
    ],
    "excerpt": "خطة تدريجية للوصول لثلاثة أشهر مصاريف.",
    "image": "/images/articles/build-emergency-fund.svg"
  },
  {
    "title": "الذهب والحفظ طويل الأمد",
    "slug": "2025/07/gold-long-term-keep.html",
    "date": "2025-07-04",
    "tags": [
      "ذهب",
      "استثمار"
    ],
    "excerpt": "أفضل طرق التخزين والنقل والتأمين.",
    "image": "/images/articles/gold-long-term-keep.svg"
  },
  {
    "title": "الوقود: هل أوفر 91 أم 95؟",
    "slug": "2025/07/fuel-91-vs-95.html",
    "date": "2025-07-03",
    "tags": [
      "وقود",
      "سيارات"
    ],
    "excerpt": "متى يكون 95 منطقيًا ومتى يكفي 91.",
    "image": "/images/articles/fuel-91-vs-95.svg"
  },
  {
    "title": "أخطاء في تحويل التاريخ الهجري",
    "slug": "2025/07/hijri-conversion-mistakes.html",
    "date": "2025-07-02",
    "tags": [
      "تقويم"
    ],
    "excerpt": "أسباب الانحراف بين الأشهر وأفضل الحلول.",
    "image": "/images/articles/hijri-conversion-mistakes.svg"
  },
  {
    "title": "كيف تحمي بياناتك البنكية",
    "slug": "2025/07/protect-bank-data.html",
    "date": "2025-07-01",
    "tags": [
      "أمان",
      "بنوك"
    ],
    "excerpt": "ممارسات يومية لتقليل المخاطر.",
    "image": "/images/articles/protect-bank-data.svg"
  },
  {
    "title": "دليل سريع للعقار السكني (إيجار أم شراء؟)",
    "slug": "2025/06/rent-vs-buy-ksa.html",
    "date": "2025-06-30",
    "tags": [
      "عقار",
      "تمويل"
    ],
    "excerpt": "عوامل القرار في السوق المحلي.",
    "image": "/images/articles/rent-vs-buy-ksa.svg"
  },
  {
    "title": "أدلة مختصرة لكل أداة في الموقع",
    "slug": "2025/06/site-tools-guides.html",
    "date": "2025-06-29",
    "tags": [
      "أدوات"
    ],
    "excerpt": "كيف تستخدم كل حاسبة بكفاءة.",
    "image": "/images/articles/site-tools-guides.svg"
  }
]